DELETE FROM inventories;
DELETE FROM company;
DELETE FROM product;
-- product 테이블 데이터
INSERT INTO product (product_id, product_name, qr, product_img) VALUES
                                                                    (1, '광어', 'qr1', 'img1'),
                                                                    (2, '우럭', 'qr2', 'img2'),
                                                                    (3, '숭어', 'qr3', 'img3'),
                                                                    (4, '민어', 'qr4', 'img4'),
                                                                    (5, '장어', 'qr5', 'img5'),
                                                                    (6, '문어', 'qr6', 'https://drive.google.com/uc?export=view&id=1fYedl0jxlIyRDLl9U7IignRllzWeu45c'),
                                                                    (7, '연어', 'qr7', 'img7'),
                                                                    (8, '참치', 'qr8', 'img8'),
                                                                    (9, '고등어', 'qr9', 'img9'),
                                                                    (10, '갈치', 'qr10', 'img10'),
                                                                    (11, '조기', 'qr11', 'img11'),
                                                                    (12, '삼치', 'qr12', 'img12'),
                                                                    (13, '꽁치', 'qr13', 'img13');

--user 테이블
insert into USERS(user_id,username) values(1,'스리랑'),
                                          (2,'아리랑');
--company 테이블
INSERT INTO company(company_id,registration_number,company_name,post_code,main_address,sub_address) VALUES
                                                                                                        (101,'1234', '여보소 수산','1234','부산광역시 중구','자갈치 시장 1번'),
                                                                                                        (102,'1234', '정우 수산','1234','부산광역시 중구','자갈치 시장 1번'),
                                                                                                        (103,'1234', '제일 수산','1234','부산광역시 중구','자갈치 시장 1번'),
                                                                                                        (104,'1234', '등대 수산','1234','부산광역시 중구','자갈치 시장 1번'),
                                                                                                        (105,'1234', '동진 수산','1234','부산광역시 중구','자갈치 시장 1번'),
                                                                                                        (106,'1234', '명문 수산','1234','부산광역시 중구','자갈치 시장 1번'),
                                                                                                        (107,'1234', '보경 수산','1234','부산광역시 중구','자갈치 시장 1번'),
                                                                                                        (108,'1234', '환대 수산','1234','부산광역시 중구','자갈치 시장 1번'),
                                                                                                        (109,'1234', '미광 수산','1234','부산광역시 중구','자갈치 시장 1번'),
                                                                                                        (110,'1234', '한일 수산','1234','부산광역시 중구','자갈치 시장 1번'),
                                                                                                        (111,'1234', '세동 수산','1234','부산광역시 중구','자갈치 시장 1번'),
                                                                                                        (112,'1234', '상명 수산','1234','부산광역시 중구','자갈치 시장 1번'),
                                                                                                        (113,'1234', '대협 수산','1234','부산광역시 중구','자갈치 시장 1번'),
                                                                                                        (114,'1234', '하엽 수산','1234','부산광역시 중구','자갈치 시장 1번');

INSERT INTO company(company_id,registration_number,company_name,post_code,main_address,sub_address)
VALUES (1,1234,'알람받기수산',1234,'부산시','어딘가');

INSERT INTO company(company_id) VALUES (4);
INSERT INTO USERS(user_id) VALUES (5);

INSERT INTO incoming(incoming_id,category,country,country_detail,incoming_date,incoming_price,memo,natural_status,quantity,company_id,product_id,user_id) VALUES
                                                                                                                            (1,'선어','국산','호주','2024-06-28',20000,'방금잡은','양식',24.0,1,5,2),
                                                                                                                            (2,'선어','국산','호주','2024-06-28',20000,'방금잡은','양식',24.0,1,5,2),
                                                                                                                            (3,'선어','국산','호주','2024-06-28',30000,'방금잡은','양식',24.0,1,5,2),
                                                                                                                            (4,'선어','국산','호주','2024-06-27',60000,'방금잡은','양식',24.0,1,5,2),
                                                                                                                            (5,'선어','국산','호주','2024-06-27',100000,'방금잡은','양식',24.0,1,5,2),
                                                                                                                            (6,'선어','국산','호주','2024-06-27',100000,'방금잡은','양식',24.0,1,5,2),
                                                                                                                            (7,'활어','국산','호주','2024-07-27',10000,'방금잡은','자연산',20.0,1,1,2),
                                                                                                                            (8,'선어','수입','호주','2024-07-27',20000,'방금잡은','양식',10.0,1,2,2),
                                                                                                                            (9,'냉동','국산','호주','2024-07-28',30000,'방금잡은','자연산',50.0,1,3,2),
                                                                                                                            (10,'냉동','수입','호주','2024-07-28',10000,'방금잡은','양식',25.0,1,4,2),
                                                                                                                            (11,'선어','수입','호주','2024-07-29',10000,'방금잡은','자연산',15.0,1,5,2),
                                                                                                                            (12,'활어','국산','호주','2024-07-29',20000,'방금잡은','자연산',45.0,1,1,2),
                                                                                                                            (13,'활어','국산','호주','2024-07-30',10000,'방금잡은','양식',20.0,1,1,2),
                                                                                                                            (14,'냉동','국산','호주','2024-07-31',30000,'방금잡은','자연산',60.0,1,2,2),
                                                                                                                            (15,'선어','수입','호주','2024-08-09',500000,'방금잡은','자연산',20.0,1,2,2),
                                                                                                                            (16,'선어','국산','호주','2024-08-10',200000,'방금잡은','양식',24.0,1,5,2),
                                                                                                                            (17,'선어','국산','호주','2024-08-11',400000,'방금잡은','양식',24.0,1,5,2),
                                                                                                                            (18,'선어','국산','호주','2024-08-12',300000,'방금잡은','양식',24.0,1,5,2),
                                                                                                                            (19,'선어','국산','호주','2024-08-13',100000,'방금잡은','양식',24.0,1,5,2),
                                                                                                                            (20,'선어','국산','호주','2024-08-14',400000,'방금잡은','양식',24.0,1,5,2),
                                                                                                                            (21,'선어','국산','호주','2024-08-15',800000,'방금잡은','양식',24.0,1,5,2),
                                                                                                                            (22,'선어','국산','호주','2024-08-16',500000,'방금잡은','양식',24.0,1,5,2),
                                                                                                                            (23,'선어','국산','호주','2024-08-17',600000,'방금잡은','양식',24.0,1,5,2);


INSERT INTO outgoing (outgoing_id, company_id, outgoing_date, outgoing_state, partial_outgoing, user_id, trade_type) VALUES
                                                                                                             (1, 1, '2024-07-27', 'PENDING', true,1,'b2c'),
                                                                                                             (2, 101, '2024-07-28', 'COMPLETE', false,2,'b2c'),
                                                                                                             (3, 102, '2024-07-29', 'COMPLETE', true,2,'b2b'),
                                                                                                             (4, 103, '2024-07-30', 'COMPLETE', false,2,'b2b'),
                                                                                                             (5, 104, '2024-07-31', 'COMPLETE', true,2,'b2c'),
                                                                                                             (6, 105, '2024-08-01', 'COMPLETE', false,2,'b2c'),
                                                                                                             (7, 106, '2024-08-02', 'COMPLETE', true,2,'b2c'),
                                                                                                             (8, 107, '2024-08-03', 'COMPLETE', false,2,'b2b'),
                                                                                                             (9, 108, '2024-08-04', 'COMPLETE', true,2,'b2b'),
                                                                                                             (10, 109, '2024-08-05', 'COMPLETE', false,2,'b2c'),
                                                                                                             (11, 110, '2024-08-06', 'COMPLETE', true,2,'b2c'),
                                                                                                             (12, 111, '2024-08-07', 'COMPLETE', false,2,'b2b'),
                                                                                                             (13, 112, '2024-08-08', 'COMPLETE', true,2,'b2b'),
                                                                                                             (14, 113, '2024-08-09', 'PENDING', false,2,'b2b'),
                                                                                                             (15, 114, '2024-08-10', 'PENDING', true,2,'b2c'),
                                                                                                             (16, 1, '2024-08-11', 'COMPLETE', false,2,'b2b'),
                                                                                                             (17, 1, '2024-08-12', 'COMPLETE', true,2,'b2c'),
                                                                                                             (18, 1, '2024-08-13', 'COMPLETE', false,2,'b2b'),
                                                                                                             (19, 1, '2024-08-14', 'COMPLETE', true,2,'b2c'),
                                                                                                             (20, 1, '2024-08-15', 'COMPLETE', false,2,'b2b'),
                                                                                                             (21, 1, '2024-08-16', 'COMPLETE', true,2,'b2b'),
                                                                                                             (22, 1, '2024-08-17', 'COMPLETE', false,2,'b2c'),
                                                                                                             (23, 1, '2024-08-18', 'PENDING', true,2,'b2c'),
--                                                                                                              (24, 1, '2024-08-19', 'PENDING', false,2,'b2b'),
                                                                                                             (24, 1, '2024-08-20', 'PENDING', true,2,'b2b'),
                                                                                                             (25, 1, '2024-08-21', 'PENDING', false,2,'b2c'),
                                                                                                             (26, 1, '2024-08-22', 'PENDING', true,2,'b2c'),
                                                                                                             (27, 1, '2024-08-23', 'PENDING', false,2,'b2b'),
                                                                                                             (28, 1, '2024-08-24', 'PENDING', true,2,'b2c'),
                                                                                                             (29, 1, '2024-08-25', 'PENDING', false,2,'b2c'),
                                                                                                             (30, 1, '2024-08-26', 'PENDING', true,2,'b2c'),
                                                                                                             (31, 1, '2024-08-27', 'PENDING', false,2,'b2b'),
                                                                                                             (32, 1, '2024-08-28', 'PENDING', true,2,'b2b'),
                                                                                                             (33, 1, '2024-08-29', 'PENDING', false,2,'b2c'),
                                                                                                             (34, 1, '2024-08-30', 'PENDING', true,2,'b2b'),
                                                                                                             (35, 1, '2024-08-31', 'PENDING', false,2,'b2b'),
                                                                                                             (36, 1, '2024-09-01', 'PENDING', true,2,'b2b'),
                                                                                                             (37, 1, '2024-09-02', 'COMPLETE', false,2,'b2c'),
                                                                                                             (38, 1, '2024-09-03', 'COMPLETE', true,2,'b2c'),
                                                                                                             (39, 1, '2024-09-04', 'PENDING', false,2,'b2c'),
                                                                                                             (40, 1, '2024-09-05', 'PENDING', true,2,'b2b'),
                                                                                                             (41, 1, '2024-09-06', 'PENDING', false,2,'b2b'),
                                                                                                             (42, 1, '2024-09-07', 'PENDING', true,2,'b2c'),
                                                                                                             (43, 1, '2024-09-08', 'PENDING', false,2,'b2b'),
                                                                                                             (44, 1, '2024-09-09', 'PENDING', true,2,'b2c'),
                                                                                                             (45, 1, '2024-09-10', 'PENDING', false,2,'b2c'),
                                                                                                             (46, 1, '2024-09-11', 'PENDING', true,2,'b2c'),
                                                                                                             (47, 1, '2024-09-12', 'PENDING', false,2,'b2c'),
                                                                                                             (48, 1, '2024-09-13', 'PENDING', true,2,'b2b'),
                                                                                                             (49, 1, '2024-09-14', 'PENDING', false,2,'b2b'),
                                                                                                             (50, 1, '2024-09-15', 'PENDING', true,2,'b2b'),
                                                                                                             (51, 1, '2024-09-16', 'PENDING', false,2,'b2b'),
                                                                                                             (52, 1, '2024-09-17', 'PENDING', true,2,'b2b'),
                                                                                                             (53, 1, '2024-09-18', 'PENDING', false,2,'b2b'),
                                                                                                             (54, 1, '2024-09-19', 'PENDING', true,2,'b2c'),
                                                                                                             (55, 1, '2024-09-20', 'PENDING', false,2,'b2b'),
                                                                                                             (56, 1, '2024-09-21', 'PENDING', true,2,'b2c'),
                                                                                                             (57, 1, '2024-09-22', 'PENDING', false,2,'b2b'),
                                                                                                             (58, 1, '2024-09-23', 'PENDING', true,2,'b2b'),
                                                                                                             (59, 1, '2024-09-24', 'PENDING', false,2,'b2b'),
                                                                                                             (60, 1, '2024-09-25', 'PENDING', true,2,'b2c'),
                                                                                                             (61, 1, '2024-09-26', 'PENDING', false,2,'b2c'),
                                                                                                             (62, 1, '2024-09-27', 'PENDING', true,2,'b2c'),
                                                                                                             (63, 1, '2024-09-28', 'PENDING', false,2,'b2c'),
                                                                                                             (64, 1, '2024-09-29', 'PENDING', true,2,'b2b'),
                                                                                                             (65, 1, '2024-09-30', 'PENDING', false,2,'b2b'),
                                                                                                             (66, 1, '2024-10-01', 'PENDING', true,2,'b2b'),
                                                                                                             (67, 1, '2024-10-02', 'PENDING', false,2,'b2c'),
                                                                                                             (68, 1, '2024-10-03', 'PENDING', true,2,'b2c'),
                                                                                                             (69, 1, '2024-10-04', 'PENDING', false,2,'b2c');

INSERT INTO outgoing_detail (detail_id, price, product_id, outgoing_id, quantity,category,country,natural_status) values (1,200000,1,1,30,'활어','국산','양식'),
                                                                                                                         (2,300000,5,2,40,'활어','국산','양식'),
                                                                                                                         (3,10000,3,2,50,'활어','국산','양식'),
                                                                                                                         (4,20000,4,2,60,'선어','국산','양식'),
                                                                                                                         (5,10000,6,3,70,'활어','국산','양식'),
                                                                                                                         (6,10000,5,4,80,'활어','국산','양식'),
                                                                                                                         (7,400000,3,4,90,'선어','국산','양식'),
                                                                                                                         (8,10000,1,4,100,'선어','국산','양식'),
                                                                                                                         (9,10000,1,5,100,'선어','국산','양식'),
                                                                                                                         (10,350000,1,5,100,'선어','국산','양식'),
                                                                                                                         (11,10000,1,5,100,'선어','국산','양식'),
                                                                                                                         (12,10000,1,5,100,'선어','국산','양식'),
                                                                                                                         (13,800000,8,5,100,'선어','국산','양식'),
                                                                                                                         (14,900000,7,5,100,'선어','국산','양식'),
                                                                                                                         (15,700000,9,6,100,'선어','국산','양식'),
                                                                                                                         (16,600000,5,6,100,'선어','국산','양식'),
                                                                                                                         (17,700000,4,7,100,'선어','국산','양식'),
                                                                                                                         (18,400000,7,8,100,'선어','국산','양식'),
                                                                                                                         (19,800000,2,8,100,'선어','국산','양식'),
                                                                                                                         (20,900000,1,8,100,'선어','국산','양식'),
                                                                                                                         (21,900000,2,9,100,'선어','국산','양식'),
                                                                                                                         (22,500000,1,9,100,'선어','국산','양식'),
                                                                                                                         (23,500000,1,10,100,'선어','국산','양식'),
                                                                                                                         (24,500000,5,11,100,'선어','국산','양식'),
                                                                                                                         (25,500000,4,12,100,'선어','국산','양식'),
                                                                                                                         (26,500000,7,12,100,'선어','국산','양식'),
                                                                                                                         (27,500000,8,13,100,'선어','국산','양식'),
                                                                                                                         (28,500000,9,14,100,'선어','국산','양식'),
                                                                                                                         (29,500000,5,15,100,'선어','국산','양식');
INSERT INTO inventories (inventory_id, company_id, quantity, category, product_id, country, incoming_date, natural_status) VALUES
                                                                                                                               (1, 1, 60, '활어', 1, '국산', '2024-07-23', '자연'),
                                                                                                                               (3, 101, 60, '활어', 2, '국산', '2024-07-03', '양식'),
                                                                                                                               (2, 101, 60, '선어', 1, '국산', '2024-07-17', '자연'),
                                                                                                                               (4, 102, 30, '활어', 2, '일본', '2024-07-12', '자연'),
                                                                                                                               (5, 102, 16, '선어', 1, '국산', '2024-07-31', '자연'),
                                                                                                                               (6, 103, 10, '선어', 1, '국산', '2024-07-22', '자연'),
                                                                                                                               (7, 103, 17, '활어', 2, '국산', '2024-07-28', '양식'),
                                                                                                                               (9, 103, 60, '활어', 1, '국산', '2024-07-17', '양식'),
                                                                                                                               (10, 103, 60, '활어', 3, '국산', '2024-07-23', '양식'),
                                                                                                                               (11, 103, 60, '활어', 1, '국산', '2024-07-23', '자연'),
                                                                                                                               (12, 103, 60, '활어', 1, '국산', '2024-07-31', '자연'),
                                                                                                                               (13, 103, 10, '활어', 4, '국산', '2024-07-28', '자연'),
                                                                                                                               (14, 104, 60, '활어', 1, '국산', '2024-07-22', '자연'),
                                                                                                                               (15, 104, 60, '선어', 2, '국산', '2024-07-12', '자연'),
                                                                                                                               (16, 105, 60, '선어', 1, '국산', '2024-07-31', '자연'),
                                                                                                                               (17, 105, 60, '선어', 1, '국산', '2024-07-17', '자연'),
                                                                                                                               (18, 105, 60, '선어', 5, '일본', '2024-07-23', '자연'),
                                                                                                                               (19, 105, 60, '선어', 1, '국산', '2024-07-31', '자연'),
                                                                                                                               (20, 106, 40, '활어', 2, '일본', '2024-07-03', '자연'),
                                                                                                                               (21, 106, 30, '활어', 3, '일본', '2024-07-03', '자연'),
                                                                                                                               (22, 107, 20, '활어', 4, '국산', '2024-07-03', '자연'),
                                                                                                                               (23, 107, 10, '활어', 5, '국산', '2024-07-03', '자연'),
                                                                                                                               (24, 107, 30, '활어', 6, '국산', '2024-07-03', '자연'),
                                                                                                                               (25, 108, 40, '활어', 7, '국산', '2024-07-03', '자연'),
                                                                                                                               (26, 109, 10, '활어', 7, '국산', '2024-07-03', '자연'),
                                                                                                                               (27, 109, 50, '활어', 8, '국산', '2024-07-03', '자연'),
                                                                                                                               (28, 111, 60, '활어', 7, '국산', '2024-07-03', '자연'),
                                                                                                                               (29, 111, 30, '활어', 10, '국산', '2024-07-03', '자연'),
                                                                                                                               (30, 112, 20, '활어', 11, '국산', '2024-07-03', '자연'),
                                                                                                                               (31, 112, 40, '활어', 12, '국산', '2024-07-03', '자연'),
                                                                                                                               (32, 113, 40, '활어', 8, '국산', '2024-07-03', '자연'),
                                                                                                                               (33, 113, 40, '활어', 6, '국산', '2024-07-03', '자연'),
                                                                                                                               (34, 113, 40, '활어', 7, '국산', '2024-07-03', '자연'),
                                                                                                                               (35, 110, 23, '활어', 11, '국산', '2024-07-03', '양식');

INSERT INTO inventory_detail(inventory_detail_id,inventory_id,company_id,warning_quantity, outgoing_price) VALUES
                                                                                                               (1, 1, 1, 5, 10000),
                                                                                                               (2, 2, 101, 5, 10000),
                                                                                                               (3, 3, 101, 5, 10000),
                                                                                                               (4, 4, 102, 5, 10000),
                                                                                                               (5, 5, 102, 5, 10000),
                                                                                                               (6, 6, 103, 5, 10000),
                                                                                                               (7, 7, 103, 5, 10000),
                                                                                                               (9, 9, 103, 5, 10000),
                                                                                                               (10, 10, 103, 5, 10000),
                                                                                                               (11, 11, 103, 5, 10000),
                                                                                                               (12, 12, 103, 5, 10000),
                                                                                                               (13, 13, 103, 5, 10000),
                                                                                                               (14, 14, 104, 5, 10000),
                                                                                                               (15, 15, 104, 5, 10000),
                                                                                                               (16, 16, 105, 5, 10000),
                                                                                                               (17, 17, 105, 5, 10000),
                                                                                                               (18, 18, 105, 5, 10000),
                                                                                                               (19, 19, 105, 5, 10000),
                                                                                                               (20, 20, 106, 5, 10000),
                                                                                                               (21, 21, 106, 5, 10000),
                                                                                                               (22, 22, 107, 5, 10000),
                                                                                                               (23, 23, 107, 5, 10000),
                                                                                                               (24, 24, 107, 5, 10000),
                                                                                                               (25, 25, 108, 5, 10000),
                                                                                                               (26, 26, 109, 5, 10000),
                                                                                                               (27, 27, 109, 5, 10000),
                                                                                                               (28, 28, 111, 5, 10000),
                                                                                                               (29, 29, 111, 5, 10000),
                                                                                                               (30, 30, 112, 5, 10000),
                                                                                                               (31, 31, 112, 5, 10000),
                                                                                                               (32, 32, 113, 5, 10000),
                                                                                                               (33, 33, 113, 5, 10000),
                                                                                                               (34, 34, 113, 5, 10000),
                                                                                                               (35, 35, 110, 5, 10000);
